externalId,lat,lng,prefectureSlug,address,sourceUrl
osm:n743264367,32.0618854,130.2275162,kagoshima,,https://www.openstreetmap.org/node/743264367
osm:n886212599,36.7223849,137.2524562,toyama,,https://www.openstreetmap.org/node/886212599
osm:n1998400519,34.3386039,134.0770658,kagawa,,https://www.openstreetmap.org/node/1998400519
osm:n1999980525,37.5180827,139.9363956,fukushima,,https://www.openstreetmap.org/node/1999980525
osm:n2004060696,34.3433936,134.1262005,kagawa,,https://www.openstreetmap.org/node/2004060696
osm:n2007953208,34.3210128,134.1842549,kagawa,,https://www.openstreetmap.org/node/2007953208
osm:n2333761473,34.2484437,134.3408056,tokushima,,https://www.openstreetmap.org/node/2333761473
osm:n2338970664,34.2629808,134.1365429,kagawa,,https://www.openstreetmap.org/node/2338970664
osm:n2341547067,35.8360811,140.0079193,chiba,,https://www.openstreetmap.org/node/2341547067
osm:n2341547092,35.8515256,140.0179507,chiba,,https://www.openstreetmap.org/node/2341547092
osm:n2346770400,34.3271876,134.0701193,kagawa,,https://www.openstreetmap.org/node/2346770400
osm:n3376249125,32.0635029,130.2285073,kagoshima,,https://www.openstreetmap.org/node/3376249125
osm:n3379565431,32.015389,130.1926904,kagoshima,,https://www.openstreetmap.org/node/3379565431
osm:n3513979899,38.9315292,139.8442974,yamagata,,https://www.openstreetmap.org/node/3513979899
osm:n3591660225,35.0958125,139.0745351,shizuoka,,https://www.openstreetmap.org/node/3591660225
osm:n3812274005,35.858679,139.5497339,saitama,,https://www.openstreetmap.org/node/3812274005
osm:n3838753881,35.249095,139.6853859,kanagawa,,https://www.openstreetmap.org/node/3838753881
osm:n4437141696,35.1154489,137.0491994,aichi,,https://www.openstreetmap.org/node/4437141696
osm:n4839862754,35.5282176,139.6996607,kanagawa,,https://www.openstreetmap.org/node/4839862754
osm:n5153889024,34.968003,136.6192341,mie,,https://www.openstreetmap.org/node/5153889024
osm:n5581631930,35.099095,136.2267209,shiga,,https://www.openstreetmap.org/node/5581631930
osm:n5869899997,35.6671949,139.7566442,tokyo,,https://www.openstreetmap.org/node/5869899997
osm:n5939109081,31.3926358,130.3792797,kagoshima,,https://www.openstreetmap.org/node/5939109081
osm:n5939109634,31.5257072,130.4981897,kagoshima,,https://www.openstreetmap.org/node/5939109634
osm:n5976922429,34.6200176,135.4340237,osaka,,https://www.openstreetmap.org/node/5976922429
osm:n6002607255,31.2745904,130.3119866,kagoshima,,https://www.openstreetmap.org/node/6002607255
osm:n6178642340,36.7114758,137.1051172,toyama,,https://www.openstreetmap.org/node/6178642340
osm:n6215874050,40.5965779,140.5080074,aomori,,https://www.openstreetmap.org/node/6215874050
osm:n6253346793,36.2501025,138.9171223,gunma,,https://www.openstreetmap.org/node/6253346793
osm:n6419666083,36.1529172,137.2444588,ishikawa,,https://www.openstreetmap.org/node/6419666083
osm:n6419666403,36.1442039,137.2515179,ishikawa,,https://www.openstreetmap.org/node/6419666403
osm:n6449162468,35.5650653,139.6557696,kanagawa,,https://www.openstreetmap.org/node/6449162468
osm:n6483701350,36.5921592,140.6571844,ibaraki,,https://www.openstreetmap.org/node/6483701350
osm:n6569059425,34.5296023,133.7369973,okayama,,https://www.openstreetmap.org/node/6569059425
osm:n6813915698,35.7585224,139.8440127,tokyo,,https://www.openstreetmap.org/node/6813915698
osm:n6916331022,37.9749718,140.7816647,miyagi,,https://www.openstreetmap.org/node/6916331022
osm:n7682267774,36.0204844,139.5791328,saitama,,https://www.openstreetmap.org/node/7682267774
osm:n7750116526,40.6536433,140.506153,aomori,,https://www.openstreetmap.org/node/7750116526
osm:n8200397639,35.5603057,139.6723979,kanagawa,,https://www.openstreetmap.org/node/8200397639
osm:n8848285218,34.6380147,138.1374124,shizuoka,,https://www.openstreetmap.org/node/8848285218
osm:n8946778936,34.4903404,133.4089889,okayama,,https://www.openstreetmap.org/node/8946778936
osm:n9025821954,35.7035829,139.6006589,tokyo,,https://www.openstreetmap.org/node/9025821954
osm:n9157577350,35.8260993,139.9177766,chiba,,https://www.openstreetmap.org/node/9157577350
osm:n9163726948,35.8253019,139.920697,chiba,,https://www.openstreetmap.org/node/9163726948
osm:n9401718603,35.6830912,140.3119795,chiba,,https://www.openstreetmap.org/node/9401718603
osm:n9407928076,33.2453101,130.2835336,saga,,https://www.openstreetmap.org/node/9407928076
osm:n9928604828,34.6631132,135.1539293,hyogo,,https://www.openstreetmap.org/node/9928604828
osm:n10030855738,32.5851777,131.6541873,miyazaki,,https://www.openstreetmap.org/node/10030855738
osm:n10203815293,35.4247343,139.6657546,kanagawa,,https://www.openstreetmap.org/node/10203815293
osm:n10576705447,34.7487228,134.8605168,hyogo,,https://www.openstreetmap.org/node/10576705447
osm:n10869501221,37.0348976,136.9520995,ishikawa,,https://www.openstreetmap.org/node/10869501221
osm:n10941571114,43.0057297,141.7065509,hokkaido,,https://www.openstreetmap.org/node/10941571114
osm:n11360103385,35.2577048,136.9977112,aichi,,https://www.openstreetmap.org/node/11360103385
osm:n11684817503,33.4297468,134.0044928,kochi,,https://www.openstreetmap.org/node/11684817503
osm:n12465014315,34.3392272,134.0828898,kagawa,,https://www.openstreetmap.org/node/12465014315
osm:n12531389190,34.726088,134.1090693,okayama,,https://www.openstreetmap.org/node/12531389190
osm:n12543223517,34.5231022,133.7698952,okayama,,https://www.openstreetmap.org/node/12543223517
osm:n12548609523,37.0433044,136.9652231,ishikawa,,https://www.openstreetmap.org/node/12548609523
osm:n12582277692,34.7198524,134.0453571,okayama,,https://www.openstreetmap.org/node/12582277692
osm:n12587121225,34.5135276,133.9549809,okayama,,https://www.openstreetmap.org/node/12587121225
osm:n12684981856,35.7725793,139.5211836,saitama,,https://www.openstreetmap.org/node/12684981856
osm:n13026031459,33.6039854,130.4242225,fukuoka,,https://www.openstreetmap.org/node/13026031459
osm:n13093321337,34.755595,134.4039814,hyogo,,https://www.openstreetmap.org/node/13093321337
osm:n13141134884,26.2297719,127.7073841,okinawa,,https://www.openstreetmap.org/node/13141134884
osm:n13428087710,34.5602249,133.682311,okayama,,https://www.openstreetmap.org/node/13428087710
osm:w27372460,35.8489726,139.3179227,saitama,,https://www.openstreetmap.org/way/27372460
osm:w87572190,34.4558978,135.4501618,osaka,,https://www.openstreetmap.org/way/87572190
osm:w104452434,36.7847701,140.7367565,ibaraki,,https://www.openstreetmap.org/way/104452434
osm:w104947046,37.1446336,140.9957872,fukushima,,https://www.openstreetmap.org/way/104947046
osm:w105678994,37.0586701,140.9008715,fukushima,,https://www.openstreetmap.org/way/105678994
osm:w106232655,36.659844,140.707226,ibaraki,,https://www.openstreetmap.org/way/106232655
osm:w106647228,37.0607436,140.9227335,fukushima,,https://www.openstreetmap.org/way/106647228
osm:w121541326,31.5479251,130.5447556,kagoshima,,https://www.openstreetmap.org/way/121541326
osm:w151882670,34.6664525,135.4549071,osaka,,https://www.openstreetmap.org/way/151882670
osm:w155917514,35.6608155,139.4146285,tokyo,,https://www.openstreetmap.org/way/155917514
osm:w161216019,36.1470057,139.5384961,saitama,,https://www.openstreetmap.org/way/161216019
osm:w161224531,36.1806349,139.5124022,saitama,,https://www.openstreetmap.org/way/161224531
osm:w161840278,36.7549712,138.3588027,nagano,,https://www.openstreetmap.org/way/161840278
osm:w161840368,36.7483568,138.3518572,nagano,,https://www.openstreetmap.org/way/161840368
osm:w177314248,39.70152,140.1104538,akita,,https://www.openstreetmap.org/way/177314248
osm:w181684017,34.8174198,136.5720449,mie,,https://www.openstreetmap.org/way/181684017
osm:w182849603,34.4756626,132.4891123,hiroshima,,https://www.openstreetmap.org/way/182849603
osm:w188284475,36.5804401,136.6515261,ishikawa,,https://www.openstreetmap.org/way/188284475
osm:w191537769,36.0867794,136.2270946,fukui,,https://www.openstreetmap.org/way/191537769
osm:w194733765,36.0845376,136.2086329,fukui,,https://www.openstreetmap.org/way/194733765
osm:w201289368,34.947456,135.7147117,kyoto,,https://www.openstreetmap.org/way/201289368
osm:w203942344,43.1846996,141.3149239,hokkaido,,https://www.openstreetmap.org/way/203942344
osm:w208245568,36.5989113,136.6800103,ishikawa,,https://www.openstreetmap.org/way/208245568
osm:w208246882,36.6066983,136.6692921,ishikawa,,https://www.openstreetmap.org/way/208246882
osm:w208362467,36.615679,136.6830817,ishikawa,,https://www.openstreetmap.org/way/208362467
osm:w209170958,34.684685,135.8012068,nara,,https://www.openstreetmap.org/way/209170958
osm:w217444209,43.0746391,141.3791496,hokkaido,,https://www.openstreetmap.org/way/217444209
osm:w226185693,43.0498146,144.8549076,hokkaido,,https://www.openstreetmap.org/way/226185693
osm:w234105692,34.9782928,135.8161358,kyoto,,https://www.openstreetmap.org/way/234105692
osm:w234120204,34.9728369,135.8144322,kyoto,,https://www.openstreetmap.org/way/234120204
osm:w246094165,36.4219521,139.2609853,gunma,,https://www.openstreetmap.org/way/246094165
osm:w257258300,34.6481264,135.5241888,osaka,,https://www.openstreetmap.org/way/257258300
osm:w261871618,34.8160725,135.5773313,osaka,,https://www.openstreetmap.org/way/261871618
osm:w264442728,35.8845782,140.6740022,ibaraki,,https://www.openstreetmap.org/way/264442728
osm:w268298314,33.5597874,130.209858,fukuoka,,https://www.openstreetmap.org/way/268298314
osm:w283959798,35.7186184,140.0660781,chiba,,https://www.openstreetmap.org/way/283959798
osm:w290267859,36.5751334,139.9013595,tochigi,,https://www.openstreetmap.org/way/290267859
osm:w307892979,37.203192,139.7808825,fukushima,,https://www.openstreetmap.org/way/307892979
osm:w310429632,38.8909401,141.5693516,iwate,,https://www.openstreetmap.org/way/310429632
osm:w315283572,34.0361675,133.9613434,tokushima,,https://www.openstreetmap.org/way/315283572
osm:w318025432,35.7856893,139.4738478,saitama,,https://www.openstreetmap.org/way/318025432
osm:w322779817,35.4480164,136.5713346,gifu,,https://www.openstreetmap.org/way/322779817
osm:w341477977,39.3683202,140.0685874,akita,,https://www.openstreetmap.org/way/341477977
osm:w343555183,37.9355024,139.0885213,niigata,,https://www.openstreetmap.org/way/343555183
osm:w371715039,31.3409003,130.9246414,kagoshima,,https://www.openstreetmap.org/way/371715039
osm:w380093226,43.0297252,141.3454734,hokkaido,,https://www.openstreetmap.org/way/380093226
osm:w384993832,43.028597,141.3677875,hokkaido,,https://www.openstreetmap.org/way/384993832
osm:w386501761,43.0321101,141.3798686,hokkaido,,https://www.openstreetmap.org/way/386501761
osm:w388841669,36.4935354,140.0927657,tochigi,,https://www.openstreetmap.org/way/388841669
osm:w403273722,35.4877778,134.2400241,tottori,,https://www.openstreetmap.org/way/403273722
osm:w408288658,34.409809,132.7147721,hiroshima,,https://www.openstreetmap.org/way/408288658
osm:w409053409,36.3259552,139.4329461,gunma,,https://www.openstreetmap.org/way/409053409
osm:w412644028,34.1172516,134.4288294,tokushima,,https://www.openstreetmap.org/way/412644028
osm:w413045550,34.7734738,137.9815973,shizuoka,,https://www.openstreetmap.org/way/413045550
osm:w423880868,36.4927147,139.8607808,tochigi,,https://www.openstreetmap.org/way/423880868
osm:w424764812,35.5182671,134.2074549,tottori,,https://www.openstreetmap.org/way/424764812
osm:w425963587,36.2858022,139.8058764,tochigi,,https://www.openstreetmap.org/way/425963587
osm:w426152386,36.4286151,139.9056359,tochigi,,https://www.openstreetmap.org/way/426152386
osm:w426958256,34.3478718,134.0134643,kagawa,,https://www.openstreetmap.org/way/426958256
osm:w427154345,36.5012676,139.9118671,tochigi,,https://www.openstreetmap.org/way/427154345
osm:w429972775,36.3077769,139.8378338,tochigi,,https://www.openstreetmap.org/way/429972775
osm:w441599518,34.8043411,137.3459036,aichi,,https://www.openstreetmap.org/way/441599518
osm:w448889583,43.0850004,141.5166637,hokkaido,,https://www.openstreetmap.org/way/448889583
osm:w452059213,39.449407,140.4985822,akita,,https://www.openstreetmap.org/way/452059213
osm:w452059215,39.4497158,140.4972494,akita,,https://www.openstreetmap.org/way/452059215
osm:w452796372,34.6983681,137.3594092,aichi,,https://www.openstreetmap.org/way/452796372
osm:w455515954,43.0203055,141.4877819,hokkaido,,https://www.openstreetmap.org/way/455515954
osm:w456536839,35.4896083,139.4642056,kanagawa,,https://www.openstreetmap.org/way/456536839
osm:w458176342,34.0352982,134.566444,tokushima,,https://www.openstreetmap.org/way/458176342
osm:w458176344,34.0351305,134.5665631,tokushima,,https://www.openstreetmap.org/way/458176344
osm:w458711345,34.8291051,136.5793691,mie,,https://www.openstreetmap.org/way/458711345
osm:w459089649,35.4806589,139.4648914,kanagawa,,https://www.openstreetmap.org/way/459089649
osm:w462838242,28.386676,129.5410901,kagoshima,,https://www.openstreetmap.org/way/462838242
osm:w463232803,35.1739996,138.9086301,shizuoka,,https://www.openstreetmap.org/way/463232803
osm:w467844210,36.2305481,139.3709179,gunma,,https://www.openstreetmap.org/way/467844210
osm:w469897132,32.7418526,129.8737145,nagasaki,,https://www.openstreetmap.org/way/469897132
osm:w473541800,35.8882469,137.9868212,nagano,,https://www.openstreetmap.org/way/473541800
osm:w473817735,44.1148285,144.0672777,hokkaido,,https://www.openstreetmap.org/way/473817735
osm:w485844709,35.3548407,136.7704267,gifu,,https://www.openstreetmap.org/way/485844709
osm:w488659038,43.7907292,142.4012656,hokkaido,,https://www.openstreetmap.org/way/488659038
osm:w493237909,33.5348262,131.328446,oita,,https://www.openstreetmap.org/way/493237909
osm:w494953760,30.4280262,130.569707,kagoshima,,https://www.openstreetmap.org/way/494953760
osm:w497415060,35.0228759,135.9811666,shiga,,https://www.openstreetmap.org/way/497415060
osm:w498743182,33.1871126,131.5779449,oita,,https://www.openstreetmap.org/way/498743182
osm:w503398565,36.1718991,139.5493773,saitama,,https://www.openstreetmap.org/way/503398565
osm:w503986346,36.1703939,139.576116,saitama,,https://www.openstreetmap.org/way/503986346
osm:w504335806,36.1828631,139.5010222,saitama,,https://www.openstreetmap.org/way/504335806
osm:w504521342,33.5344621,131.3250842,oita,,https://www.openstreetmap.org/way/504521342
osm:w508548031,33.3177776,130.9374534,fukuoka,,https://www.openstreetmap.org/way/508548031
osm:w510741270,36.229516,139.5199017,saitama,,https://www.openstreetmap.org/way/510741270
osm:w514923377,34.7993934,135.7843875,nara,,https://www.openstreetmap.org/way/514923377
osm:w515090953,34.6704323,135.806616,nara,,https://www.openstreetmap.org/way/515090953
osm:w517455775,35.0104873,137.0236939,aichi,,https://www.openstreetmap.org/way/517455775
osm:w521736880,35.3977555,139.293422,kanagawa,,https://www.openstreetmap.org/way/521736880
osm:w529093083,43.2225132,141.7884683,hokkaido,,https://www.openstreetmap.org/way/529093083
osm:w538624337,36.147022,139.5384676,saitama,,https://www.openstreetmap.org/way/538624337
osm:w540657431,36.7067971,137.2404297,toyama,,https://www.openstreetmap.org/way/540657431
osm:w544945150,28.3960261,129.5252264,kagoshima,,https://www.openstreetmap.org/way/544945150
osm:w545015231,35.5878102,138.4963306,yamanashi,,https://www.openstreetmap.org/way/545015231
osm:w545034797,43.0487862,141.8025159,hokkaido,,https://www.openstreetmap.org/way/545034797
osm:w545684509,33.2748005,130.3139037,saga,,https://www.openstreetmap.org/way/545684509
osm:w546234687,28.3986225,129.5179164,kagoshima,,https://www.openstreetmap.org/way/546234687
osm:w546510682,36.7624622,137.0042461,toyama,,https://www.openstreetmap.org/way/546510682
osm:w546510686,36.7613842,137.0057529,toyama,,https://www.openstreetmap.org/way/546510686
osm:w546512843,36.7753882,137.0373505,toyama,,https://www.openstreetmap.org/way/546512843
osm:w546605075,35.6135745,138.5171676,yamanashi,,https://www.openstreetmap.org/way/546605075
osm:w546751899,36.6275843,136.9515662,toyama,,https://www.openstreetmap.org/way/546751899
osm:w546751900,36.6276909,136.9519903,toyama,,https://www.openstreetmap.org/way/546751900
osm:w546751906,36.6266112,136.957759,toyama,,https://www.openstreetmap.org/way/546751906
osm:w546759020,36.6737458,136.9775187,toyama,,https://www.openstreetmap.org/way/546759020
osm:w547164959,35.2044047,136.9156809,aichi,,https://www.openstreetmap.org/way/547164959
osm:w547547332,36.8228095,136.9942509,toyama,,https://www.openstreetmap.org/way/547547332
osm:w547553227,36.8352594,136.9911717,toyama,,https://www.openstreetmap.org/way/547553227
osm:w547850539,34.2601514,135.172413,wakayama,,https://www.openstreetmap.org/way/547850539
osm:w547936967,34.6784465,136.5145144,mie,,https://www.openstreetmap.org/way/547936967
osm:w548510913,33.6394696,130.496862,fukuoka,,https://www.openstreetmap.org/way/548510913
osm:w548707521,35.1975256,136.8910306,aichi,,https://www.openstreetmap.org/way/548707521
osm:w555896046,33.5424086,133.4993422,kochi,,https://www.openstreetmap.org/way/555896046
osm:w555896059,33.5417015,133.496383,kochi,,https://www.openstreetmap.org/way/555896059
osm:w558803880,34.7559368,136.1319984,nara,,https://www.openstreetmap.org/way/558803880
osm:w560418387,33.5271727,131.3397341,oita,,https://www.openstreetmap.org/way/560418387
osm:w560518330,37.1602061,138.2340563,niigata,,https://www.openstreetmap.org/way/560518330
osm:w560658235,34.3680046,131.2159188,yamaguchi,,https://www.openstreetmap.org/way/560658235
osm:w562475492,35.4580544,136.7314444,gifu,,https://www.openstreetmap.org/way/562475492
osm:w562683875,33.5509943,133.518066,kochi,,https://www.openstreetmap.org/way/562683875
osm:w563237473,34.7250428,137.4757543,aichi,,https://www.openstreetmap.org/way/563237473
osm:w563536812,34.510187,136.6454231,mie,,https://www.openstreetmap.org/way/563536812
osm:w563735226,33.5526383,133.4896427,kochi,,https://www.openstreetmap.org/way/563735226
osm:w568009594,34.4532581,135.3940926,osaka,,https://www.openstreetmap.org/way/568009594
osm:w568697552,34.4572383,135.3963316,osaka,,https://www.openstreetmap.org/way/568697552
osm:w569548991,33.2755927,130.3136212,saga,,https://www.openstreetmap.org/way/569548991
osm:w570680406,34.8330063,135.7243163,kyoto,,https://www.openstreetmap.org/way/570680406
osm:w574699331,37.7279421,140.4525779,fukushima,,https://www.openstreetmap.org/way/574699331
osm:w584894635,34.590867,133.7531228,okayama,,https://www.openstreetmap.org/way/584894635
osm:w586866614,34.6758035,135.443468,osaka,,https://www.openstreetmap.org/way/586866614
osm:w589649060,35.7012635,140.0685051,chiba,,https://www.openstreetmap.org/way/589649060
osm:w590297279,35.3699534,139.4436042,kanagawa,,https://www.openstreetmap.org/way/590297279
osm:w592580555,35.6570488,139.3122752,tokyo,,https://www.openstreetmap.org/way/592580555
osm:w600027845,35.6794162,139.8278859,tokyo,,https://www.openstreetmap.org/way/600027845
osm:w604791557,36.5287487,136.6148088,ishikawa,,https://www.openstreetmap.org/way/604791557
osm:w605126985,36.5212776,136.6167328,ishikawa,,https://www.openstreetmap.org/way/605126985
osm:w607912386,36.5276321,136.5907455,ishikawa,,https://www.openstreetmap.org/way/607912386
osm:w607986042,35.770232,139.8713642,tokyo,,https://www.openstreetmap.org/way/607986042
osm:w607986043,35.7704879,139.8713197,tokyo,,https://www.openstreetmap.org/way/607986043
osm:w615791158,34.2510817,132.5768564,hiroshima,,https://www.openstreetmap.org/way/615791158
osm:w623433408,36.5164044,140.6196554,ibaraki,,https://www.openstreetmap.org/way/623433408
osm:w623433412,36.5161379,140.620227,ibaraki,,https://www.openstreetmap.org/way/623433412
osm:w624438387,36.538517,140.6216202,ibaraki,,https://www.openstreetmap.org/way/624438387
osm:w624601735,33.3200991,130.9338642,fukuoka,,https://www.openstreetmap.org/way/624601735
osm:w625756595,33.3172736,130.93505,fukuoka,,https://www.openstreetmap.org/way/625756595
osm:w625775407,36.5371306,140.6357946,ibaraki,,https://www.openstreetmap.org/way/625775407
osm:w625775412,36.5381403,140.6363846,ibaraki,,https://www.openstreetmap.org/way/625775412
osm:w626404853,36.105724,140.0961237,ibaraki,,https://www.openstreetmap.org/way/626404853
osm:w626635617,35.4269408,139.3471409,kanagawa,,https://www.openstreetmap.org/way/626635617
osm:w639381865,39.3289815,141.5294378,iwate,,https://www.openstreetmap.org/way/639381865
osm:w639887361,37.6891813,138.8845016,niigata,,https://www.openstreetmap.org/way/639887361
osm:w640174289,34.4093608,135.3182445,hyogo,,https://www.openstreetmap.org/way/640174289
osm:w640879651,39.3360634,141.5381669,iwate,,https://www.openstreetmap.org/way/640879651
osm:w646663890,35.3315828,139.8461731,chiba,,https://www.openstreetmap.org/way/646663890
osm:w655213637,34.4266555,133.1885381,hiroshima,,https://www.openstreetmap.org/way/655213637
osm:w655280905,33.5652908,133.5598369,kochi,,https://www.openstreetmap.org/way/655280905
osm:w657110076,34.901073,132.0930538,hiroshima,,https://www.openstreetmap.org/way/657110076
osm:w659467599,34.5092062,136.7251441,mie,,https://www.openstreetmap.org/way/659467599
osm:w665331394,35.9834028,137.9833905,nagano,,https://www.openstreetmap.org/way/665331394
osm:w667827031,31.7337241,130.6273525,kagoshima,,https://www.openstreetmap.org/way/667827031
osm:w669035137,34.9414182,137.1880471,aichi,,https://www.openstreetmap.org/way/669035137
osm:w669534036,34.7519484,136.1319937,nara,,https://www.openstreetmap.org/way/669534036
osm:w672017048,35.5220386,140.0786578,chiba,,https://www.openstreetmap.org/way/672017048
osm:w681292498,36.6224178,140.6766521,ibaraki,,https://www.openstreetmap.org/way/681292498
osm:w681292507,36.6187363,140.6749625,ibaraki,,https://www.openstreetmap.org/way/681292507
osm:w682929636,34.9032615,132.0864897,hiroshima,,https://www.openstreetmap.org/way/682929636
osm:w684068438,34.8968252,136.8361264,aichi,,https://www.openstreetmap.org/way/684068438
osm:w686794182,34.9073167,136.9370231,aichi,,https://www.openstreetmap.org/way/686794182
osm:w686871603,34.9245079,136.9698458,aichi,,https://www.openstreetmap.org/way/686871603
osm:w686871707,34.930187,136.9651013,aichi,,https://www.openstreetmap.org/way/686871707
osm:w687799949,34.3913143,135.3340581,wakayama,,https://www.openstreetmap.org/way/687799949
osm:w688892889,32.646739,130.6772245,kumamoto,,https://www.openstreetmap.org/way/688892889
osm:w691022693,36.592197,140.6575846,ibaraki,,https://www.openstreetmap.org/way/691022693
osm:w692423863,37.4632239,138.8243198,niigata,,https://www.openstreetmap.org/way/692423863
osm:w692508211,33.5312082,133.4761157,kochi,,https://www.openstreetmap.org/way/692508211
osm:w693900478,35.7990173,139.8675439,tokyo,,https://www.openstreetmap.org/way/693900478
osm:w697678726,34.5426477,133.7296394,okayama,,https://www.openstreetmap.org/way/697678726
osm:w701306047,35.7803636,139.8592213,tokyo,,https://www.openstreetmap.org/way/701306047
osm:w701306062,35.7805849,139.8651898,tokyo,,https://www.openstreetmap.org/way/701306062
osm:w702268132,35.7660948,139.8096974,tokyo,,https://www.openstreetmap.org/way/702268132
osm:w702268149,35.7657206,139.8085752,tokyo,,https://www.openstreetmap.org/way/702268149
osm:w703382488,36.2914174,139.1190884,gunma,,https://www.openstreetmap.org/way/703382488
osm:w704216120,34.5264947,133.7478603,okayama,,https://www.openstreetmap.org/way/704216120
osm:w706114307,35.8060372,139.4541544,saitama,,https://www.openstreetmap.org/way/706114307
osm:w711492099,34.5238072,133.7522747,okayama,,https://www.openstreetmap.org/way/711492099
osm:w722604997,34.9773157,136.9728101,aichi,,https://www.openstreetmap.org/way/722604997
osm:w722605000,34.98403,136.9744056,aichi,,https://www.openstreetmap.org/way/722605000
osm:w741069491,36.6448534,138.1983212,nagano,,https://www.openstreetmap.org/way/741069491
osm:w743212649,37.2190737,141.002204,fukushima,,https://www.openstreetmap.org/way/743212649
osm:w751249574,35.8414096,140.7124662,ibaraki,,https://www.openstreetmap.org/way/751249574
osm:w751763439,35.0468582,135.9950084,shiga,,https://www.openstreetmap.org/way/751763439
osm:w767908971,34.9109016,135.7846267,kyoto,,https://www.openstreetmap.org/way/767908971
osm:w768438812,36.2672296,139.5094727,saitama,,https://www.openstreetmap.org/way/768438812
osm:w772768927,34.9188296,135.7913605,kyoto,,https://www.openstreetmap.org/way/772768927
osm:w773796391,34.4025242,133.18552,hiroshima,,https://www.openstreetmap.org/way/773796391
osm:w776400364,36.058112,139.658702,saitama,,https://www.openstreetmap.org/way/776400364
osm:w777707139,33.5173707,130.4536819,fukuoka,,https://www.openstreetmap.org/way/777707139
osm:w792589080,39.935269,140.1049744,akita,,https://www.openstreetmap.org/way/792589080
osm:w801501719,39.8871986,139.8504299,akita,,https://www.openstreetmap.org/way/801501719
osm:w803405092,40.2844267,140.5456506,aomori,,https://www.openstreetmap.org/way/803405092
osm:w806281306,34.0534847,133.0101936,ehime,,https://www.openstreetmap.org/way/806281306
osm:w806333170,34.0303072,133.0373186,ehime,,https://www.openstreetmap.org/way/806333170
osm:w806342539,34.0339607,133.0000063,ehime,,https://www.openstreetmap.org/way/806342539
osm:w806348522,34.0576769,133.0081389,ehime,,https://www.openstreetmap.org/way/806348522
osm:w814801219,40.2194564,140.7897946,aomori,,https://www.openstreetmap.org/way/814801219
osm:w832589424,32.819963,129.8471319,nagasaki,,https://www.openstreetmap.org/way/832589424
osm:w840182940,34.7676932,135.6311292,osaka,,https://www.openstreetmap.org/way/840182940
osm:w864651679,35.3221323,139.6099229,kanagawa,,https://www.openstreetmap.org/way/864651679
osm:w868366683,37.6611779,139.0479345,niigata,,https://www.openstreetmap.org/way/868366683
osm:w884614468,26.2591712,127.747462,okinawa,,https://www.openstreetmap.org/way/884614468
osm:w893387478,40.6138735,140.4893938,aomori,,https://www.openstreetmap.org/way/893387478
osm:w920120162,32.9619597,131.8668071,oita,,https://www.openstreetmap.org/way/920120162
osm:w920661284,33.3223802,130.9256654,fukuoka,,https://www.openstreetmap.org/way/920661284
osm:w927401593,36.2183744,137.9794167,nagano,,https://www.openstreetmap.org/way/927401593
osm:w934647004,31.2554879,130.4396765,kagoshima,,https://www.openstreetmap.org/way/934647004
osm:w956576613,33.2487764,131.6385969,oita,,https://www.openstreetmap.org/way/956576613
osm:w966896457,40.8018431,140.3996304,aomori,,https://www.openstreetmap.org/way/966896457
osm:w966896458,40.8022395,140.402319,aomori,,https://www.openstreetmap.org/way/966896458
osm:w968034482,35.4548544,140.3068254,chiba,,https://www.openstreetmap.org/way/968034482
osm:w975138129,35.4115452,136.7507174,gifu,,https://www.openstreetmap.org/way/975138129
osm:w995249527,35.5078779,139.6994706,kanagawa,,https://www.openstreetmap.org/way/995249527
osm:w995249605,35.5076587,139.6996108,kanagawa,,https://www.openstreetmap.org/way/995249605
osm:w996752589,38.2272126,140.314188,yamagata,,https://www.openstreetmap.org/way/996752589
osm:w1000070014,35.7538241,140.8116674,ibaraki,,https://www.openstreetmap.org/way/1000070014
osm:w1006551555,34.5587865,135.5507662,osaka,,https://www.openstreetmap.org/way/1006551555
osm:w1006551568,34.5584889,135.5497322,osaka,,https://www.openstreetmap.org/way/1006551568
osm:w1007553442,35.397199,139.4667613,kanagawa,,https://www.openstreetmap.org/way/1007553442
osm:w1024385820,36.5096852,139.8757048,tochigi,,https://www.openstreetmap.org/way/1024385820
osm:w1024738957,34.6318984,136.1107995,nara,,https://www.openstreetmap.org/way/1024738957
osm:w1026371402,35.3652516,139.3605066,kanagawa,,https://www.openstreetmap.org/way/1026371402
osm:w1026494313,36.4506512,139.9644187,tochigi,,https://www.openstreetmap.org/way/1026494313
osm:w1026911202,35.5186737,133.2472517,shimane,,https://www.openstreetmap.org/way/1026911202
osm:w1036617219,35.5203153,133.2467032,shimane,,https://www.openstreetmap.org/way/1036617219
osm:w1061491420,34.8322648,135.2278763,hyogo,,https://www.openstreetmap.org/way/1061491420
osm:w1064085290,26.3390493,127.8498111,okinawa,,https://www.openstreetmap.org/way/1064085290
osm:w1070676956,37.0432665,140.8609899,fukushima,,https://www.openstreetmap.org/way/1070676956
osm:w1073239860,39.3070393,140.5595675,akita,,https://www.openstreetmap.org/way/1073239860
osm:w1074699170,33.3236206,130.9090033,fukuoka,,https://www.openstreetmap.org/way/1074699170
osm:w1077394803,26.3606369,127.8441335,okinawa,,https://www.openstreetmap.org/way/1077394803
osm:w1080735502,33.2719186,131.1610075,oita,,https://www.openstreetmap.org/way/1080735502
osm:w1097399723,37.6837567,139.0587125,niigata,,https://www.openstreetmap.org/way/1097399723
osm:w1097437540,35.0051543,136.0755843,shiga,,https://www.openstreetmap.org/way/1097437540
osm:w1097470542,32.9577304,131.8819869,oita,,https://www.openstreetmap.org/way/1097470542
osm:w1097892840,32.9600089,131.9161102,oita,,https://www.openstreetmap.org/way/1097892840
osm:w1098221519,32.9519221,131.9065563,oita,,https://www.openstreetmap.org/way/1098221519
osm:w1106287744,34.2596265,133.779701,kagawa,,https://www.openstreetmap.org/way/1106287744
osm:w1108866488,35.7775561,139.4937792,saitama,,https://www.openstreetmap.org/way/1108866488
osm:w1108988782,32.5678095,131.6828077,miyazaki,,https://www.openstreetmap.org/way/1108988782
osm:w1132125826,36.3873179,140.5009816,ibaraki,,https://www.openstreetmap.org/way/1132125826
osm:w1132167101,36.4309545,140.5147953,ibaraki,,https://www.openstreetmap.org/way/1132167101
osm:w1132167103,36.4288407,140.517134,ibaraki,,https://www.openstreetmap.org/way/1132167103
osm:w1132434971,33.4949414,133.4135431,kochi,,https://www.openstreetmap.org/way/1132434971
osm:w1132434975,33.4932231,133.4107348,kochi,,https://www.openstreetmap.org/way/1132434975
osm:w1164345785,34.7044252,134.0555864,okayama,,https://www.openstreetmap.org/way/1164345785
osm:w1172414557,36.4141098,139.2734728,gunma,,https://www.openstreetmap.org/way/1172414557
osm:w1175949492,26.2890931,127.7767069,okinawa,,https://www.openstreetmap.org/way/1175949492
osm:w1195149578,36.2185674,133.307929,shimane,,https://www.openstreetmap.org/way/1195149578
osm:w1196996482,35.4229201,139.4842916,kanagawa,,https://www.openstreetmap.org/way/1196996482
osm:w1199993130,34.4238644,132.7463712,hiroshima,,https://www.openstreetmap.org/way/1199993130
osm:w1200969451,35.8874934,139.9347738,chiba,,https://www.openstreetmap.org/way/1200969451
osm:w1207229724,35.8391276,139.5518394,saitama,,https://www.openstreetmap.org/way/1207229724
osm:w1207229725,35.8390726,139.5511954,saitama,,https://www.openstreetmap.org/way/1207229725
osm:w1210038515,34.492967,136.6704777,mie,,https://www.openstreetmap.org/way/1210038515
osm:w1212545286,33.3474315,130.7281162,fukuoka,,https://www.openstreetmap.org/way/1212545286
osm:w1212545348,33.3482191,130.7298935,fukuoka,,https://www.openstreetmap.org/way/1212545348
osm:w1216179275,36.5141571,138.1277152,nagano,,https://www.openstreetmap.org/way/1216179275
osm:w1239533293,35.9228126,137.9899426,nagano,,https://www.openstreetmap.org/way/1239533293
osm:w1253983326,32.9177619,130.4728983,kumamoto,,https://www.openstreetmap.org/way/1253983326
osm:w1254004035,32.9209121,130.4612598,kumamoto,,https://www.openstreetmap.org/way/1254004035
osm:w1271956701,32.129373,131.5060823,miyazaki,,https://www.openstreetmap.org/way/1271956701
osm:w1272948109,34.8712239,137.0654542,aichi,,https://www.openstreetmap.org/way/1272948109
osm:w1281376365,35.9630514,139.4152843,saitama,,https://www.openstreetmap.org/way/1281376365
osm:w1282464378,36.2811484,139.3922764,gunma,,https://www.openstreetmap.org/way/1282464378
osm:w1284457669,36.2963926,139.3725692,gunma,,https://www.openstreetmap.org/way/1284457669
osm:w1299706195,36.2853144,139.3775795,gunma,,https://www.openstreetmap.org/way/1299706195
osm:w1313120800,35.8512447,139.9039166,chiba,,https://www.openstreetmap.org/way/1313120800
osm:w1321386275,36.4081278,140.5094101,ibaraki,,https://www.openstreetmap.org/way/1321386275
osm:w1321577817,36.4246706,140.5192558,ibaraki,,https://www.openstreetmap.org/way/1321577817
osm:w1327396972,35.7640829,139.6774788,tokyo,,https://www.openstreetmap.org/way/1327396972
osm:w1365698791,34.6852488,131.8404643,yamaguchi,,https://www.openstreetmap.org/way/1365698791
osm:w1366114702,34.67674,131.8438175,yamaguchi,,https://www.openstreetmap.org/way/1366114702
osm:w1366162992,34.6923234,131.8189187,yamaguchi,,https://www.openstreetmap.org/way/1366162992
osm:w1366711152,34.9006605,132.0721767,hiroshima,,https://www.openstreetmap.org/way/1366711152
osm:w1366730027,35.0056077,132.2096839,shimane,,https://www.openstreetmap.org/way/1366730027
osm:w1377154483,35.5934076,138.516729,yamanashi,,https://www.openstreetmap.org/way/1377154483
osm:w1389210322,35.0293622,136.0070591,shiga,,https://www.openstreetmap.org/way/1389210322
osm:w1395504257,34.4356892,132.0786221,hiroshima,,https://www.openstreetmap.org/way/1395504257
osm:w1419628421,34.9828958,136.1542552,shiga,,https://www.openstreetmap.org/way/1419628421
osm:w1434638982,34.5428378,135.555769,osaka,,https://www.openstreetmap.org/way/1434638982
osm:w1455743582,35.4329295,133.2388687,shimane,,https://www.openstreetmap.org/way/1455743582
osm:w1464356405,35.5129762,137.8153292,shizuoka,,https://www.openstreetmap.org/way/1464356405
osm:r11010238,36.3946865,139.297327,gunma,,https://www.openstreetmap.org/relation/11010238
